order_id,price,review_score
ORD-0,20.00,1
ORD-1,21.37,2
ORD-2,22.74,3
ORD-3,24.11,4
ORD-4,25.48,5
ORD-5,26.85,1
ORD-6,28.22,2
ORD-7,29.59,3
ORD-8,30.96,4
ORD-9,32.33,5
ORD-10,33.70,1
ORD-11,35.07,2
ORD-12,36.44,3
ORD-13,37.81,4
ORD-14,39.18,5
ORD-15,40.55,1
ORD-16,41.92,2
ORD-17,43.29,3
ORD-18,44.66,4
ORD-19,46.03,5
ORD-20,47.40,1
ORD-21,48.77,2
ORD-22,50.14,3
ORD-23,51.51,4
ORD-24,52.88,5
ORD-25,54.25,1
ORD-26,55.62,2
ORD-27,56.99,3
ORD-28,58.36,4
ORD-29,59.73,5
ORD-30,61.10,1
ORD-31,62.47,2
ORD-32,63.84,3
ORD-33,65.21,4
ORD-34,66.58,5
ORD-35,67.95,1
ORD-36,69.32,2
ORD-37,70.69,3
ORD-38,72.06,4
ORD-39,73.43,5
ORD-40,74.80,1
ORD-41,76.17,2
ORD-42,77.54,3
ORD-43,78.91,4
ORD-44,80.28,5
ORD-45,81.65,1
ORD-46,83.02,2
ORD-47,84.39,3
ORD-48,85.76,4
ORD-49,87.13,5
ORD-50,88.50,1
ORD-51,89.87,2
ORD-52,91.24,3
ORD-53,92.61,4
ORD-54,93.98,5
ORD-55,95.35,1
ORD-56,96.72,2
ORD-57,98.09,3
ORD-58,99.46,4
ORD-59,100.83,5
