Reporting starts,Ad set name,Amount spent (USD),Impressions,Link clicks,Frequency,Results,Purchase conversion value
2026-01-01,Prospecting - Broad,$140.00,12000,210,2.2,9,700.0
2026-01-01,Retargeting - 7d,$140.00,12000,210,4.6,9,700.0
2026-01-01,Lookalike 1%,$140.00,12000,210,2.2,9,700.0
2026-01-02,Prospecting - Broad,$141.00,12025,210,2.2,9,703.0
2026-01-02,Retargeting - 7d,$141.00,12025,210,4.6,9,703.0
2026-01-02,Lookalike 1%,$141.00,12025,210,2.2,9,703.0
2026-01-03,Prospecting - Broad,$142.00,12050,210,2.2,9,706.0
2026-01-03,Retargeting - 7d,$142.00,12050,210,4.6,9,706.0
2026-01-03,Lookalike 1%,$142.00,12050,210,2.2,9,706.0
2026-01-04,Prospecting - Broad,$143.00,12075,210,2.2,9,709.0
2026-01-04,Retargeting - 7d,$143.00,12075,210,4.6,9,709.0
2026-01-04,Lookalike 1%,$143.00,12075,210,2.2,9,709.0
2026-01-05,Prospecting - Broad,$144.00,12100,210,2.2,9,712.0
2026-01-05,Retargeting - 7d,$144.00,12100,210,4.6,9,712.0
2026-01-05,Lookalike 1%,$144.00,12100,210,2.2,9,712.0
2026-01-06,Prospecting - Broad,$145.00,12125,210,2.2,9,715.0
2026-01-06,Retargeting - 7d,$145.00,12125,210,4.6,9,715.0
2026-01-06,Lookalike 1%,$145.00,12125,210,2.2,9,715.0
2026-01-07,Prospecting - Broad,$146.00,12150,210,2.2,9,718.0
2026-01-07,Retargeting - 7d,$146.00,12150,210,4.6,9,718.0
2026-01-07,Lookalike 1%,$146.00,12150,210,2.2,9,718.0
2026-01-08,Prospecting - Broad,$147.00,12175,210,2.2,9,721.0
2026-01-08,Retargeting - 7d,$147.00,12175,210,4.6,9,721.0
2026-01-08,Lookalike 1%,$147.00,12175,210,2.2,9,721.0
2026-01-09,Prospecting - Broad,$148.00,12200,210,2.2,9,724.0
2026-01-09,Retargeting - 7d,$148.00,12200,210,4.6,9,724.0
2026-01-09,Lookalike 1%,$148.00,12200,210,2.2,9,724.0
2026-01-10,Prospecting - Broad,$149.00,12225,210,2.2,9,727.0
2026-01-10,Retargeting - 7d,$149.00,12225,210,4.6,9,727.0
2026-01-10,Lookalike 1%,$149.00,12225,210,2.2,9,727.0
2026-01-11,Prospecting - Broad,$150.00,12250,210,2.2,9,730.0
2026-01-11,Retargeting - 7d,$150.00,12250,210,4.6,9,730.0
2026-01-11,Lookalike 1%,$150.00,12250,210,2.2,9,730.0
2026-01-12,Prospecting - Broad,$151.00,12275,210,2.2,9,733.0
2026-01-12,Retargeting - 7d,$151.00,12275,210,4.6,9,733.0
2026-01-12,Lookalike 1%,$151.00,12275,210,2.2,9,733.0
2026-01-13,Prospecting - Broad,$152.00,12300,210,2.2,9,736.0
2026-01-13,Retargeting - 7d,$152.00,12300,210,4.6,9,736.0
2026-01-13,Lookalike 1%,$152.00,12300,210,2.2,9,736.0
2026-01-14,Prospecting - Broad,$153.00,12325,210,2.2,9,739.0
2026-01-14,Retargeting - 7d,$153.00,12325,210,4.6,9,739.0
2026-01-14,Lookalike 1%,$153.00,12325,210,2.2,9,739.0
2026-01-15,Prospecting - Broad,$154.00,12350,70,2.2,2,742.0
2026-01-15,Retargeting - 7d,$154.00,12350,205,4.6,8,742.0
2026-01-15,Lookalike 1%,$154.00,12350,205,2.2,8,742.0
2026-01-16,Prospecting - Broad,$155.00,12375,70,2.2,2,745.0
2026-01-16,Retargeting - 7d,$155.00,12375,205,4.6,8,745.0
2026-01-16,Lookalike 1%,$155.00,12375,205,2.2,8,745.0
2026-01-17,Prospecting - Broad,$156.00,12400,70,2.2,2,748.0
2026-01-17,Retargeting - 7d,$156.00,12400,205,4.6,8,748.0
2026-01-17,Lookalike 1%,$156.00,12400,205,2.2,8,748.0
2026-01-18,Prospecting - Broad,$157.00,12425,70,2.2,2,751.0
2026-01-18,Retargeting - 7d,$157.00,12425,205,4.6,8,751.0
2026-01-18,Lookalike 1%,$157.00,12425,205,2.2,8,751.0
2026-01-19,Prospecting - Broad,$158.00,12450,70,2.2,2,754.0
2026-01-19,Retargeting - 7d,$158.00,12450,205,4.6,8,754.0
2026-01-19,Lookalike 1%,$158.00,12450,205,2.2,8,754.0
2026-01-20,Prospecting - Broad,$159.00,12475,70,2.2,2,757.0
2026-01-20,Retargeting - 7d,$159.00,12475,205,4.6,8,757.0
2026-01-20,Lookalike 1%,$159.00,12475,205,2.2,8,757.0
2026-01-21,Prospecting - Broad,$160.00,12500,70,2.2,2,760.0
2026-01-21,Retargeting - 7d,$160.00,12500,205,4.6,8,760.0
2026-01-21,Lookalike 1%,$160.00,12500,205,2.2,8,760.0
2026-01-22,Prospecting - Broad,$161.00,12525,70,2.2,2,763.0
2026-01-22,Retargeting - 7d,$161.00,12525,205,4.6,8,763.0
2026-01-22,Lookalike 1%,$161.00,12525,205,2.2,8,763.0
2026-01-23,Prospecting - Broad,$162.00,12550,70,2.2,2,766.0
2026-01-23,Retargeting - 7d,$162.00,12550,205,4.6,8,766.0
2026-01-23,Lookalike 1%,$162.00,12550,205,2.2,8,766.0
2026-01-24,Prospecting - Broad,$163.00,12575,70,2.2,2,769.0
2026-01-24,Retargeting - 7d,$163.00,12575,205,4.6,8,769.0
2026-01-24,Lookalike 1%,$163.00,12575,205,2.2,8,769.0
2026-01-25,Prospecting - Broad,$164.00,12600,70,2.2,2,772.0
2026-01-25,Retargeting - 7d,$164.00,12600,205,4.6,8,772.0
2026-01-25,Lookalike 1%,$164.00,12600,205,2.2,8,772.0
2026-01-26,Prospecting - Broad,$165.00,12625,70,2.2,2,775.0
2026-01-26,Retargeting - 7d,$165.00,12625,205,4.6,8,775.0
2026-01-26,Lookalike 1%,$165.00,12625,205,2.2,8,775.0
2026-01-27,Prospecting - Broad,$166.00,12650,70,2.2,2,778.0
2026-01-27,Retargeting - 7d,$166.00,12650,205,4.6,8,778.0
2026-01-27,Lookalike 1%,$166.00,12650,205,2.2,8,778.0
2026-01-28,Prospecting - Broad,$167.00,12675,70,2.2,2,781.0
2026-01-28,Retargeting - 7d,$167.00,12675,205,4.6,8,781.0
2026-01-28,Lookalike 1%,$167.00,12675,205,2.2,8,781.0
,Total,"$99,999.00",9999999,999999,9.9,99999,999999.0
