id,city,amount
0,a,0.0
1,b,1.0
2,a,2.0
3,b,3.0
4,a,4.0
5,b,5.0
6,a,6.0
7,b,7.0
8,a,8.0
9,b,9.0
10,a,10.0
11,b,11.0
12,a,12.0
13,b,13.0
14,a,14.0
15,b,15.0
16,a,16.0
17,b,17.0
18,a,18.0
19,b,19.0
20,a,20.0
21,b,21.0
22,a,22.0
23,b,23.0
24,a,24.0
25,b,25.0
26,a,26.0
27,b,27.0
28,a,28.0
29,b,29.0
30,a,30.0
31,b,31.0
32,a,32.0
33,b,33.0
34,a,34.0
35,b,35.0
36,a,36.0
37,b,37.0
38,a,38.0
39,b,39.0
40,a,40.0
41,b,41.0
42,a,42.0
43,b,43.0
44,a,44.0
45,b,45.0
46,a,46.0
47,b,47.0
48,a,48.0
49,b,49.0
50,a,50.0
51,b,51.0
52,a,52.0
53,b,53.0
54,a,54.0
55,b,55.0
56,a,56.0
57,b,57.0
58,a,58.0
59,b,59.0
